segment,Group,Customers,ChurnRate,ARPU
New,A,116,0.10344827586206896,20.74706468554102
New,B,116,0.0603448275862069,24.362957437496412
YoungEngaged,A,140,0.15,19.993820281432207
YoungEngaged,B,140,0.17142857142857143,22.92094628889028
Loyal,A,129,0.20155038759689922,18.159087993832518
Loyal,B,129,0.10077519379844961,20.55487455878208
At Risk,A,115,0.14782608695652175,19.680894720258035
At Risk,B,115,0.06086956521739131,23.540507581919407
