Group,Customers,ChurnRate,ARPU
A,500,0.152,19.623239173914676
B,500,0.102,22.787545466395684
